BEGIN TRANSACTION;
INSERT INTO "auth_permission" ("id","content_type_id","codename","name") VALUES (1,1,'add_logentry','Can add log entry'),
 (2,1,'change_logentry','Can change log entry'),
 (3,1,'delete_logentry','Can delete log entry'),
 (4,1,'view_logentry','Can view log entry'),
 (5,2,'add_permission','Can add permission'),
 (6,2,'change_permission','Can change permission'),
 (7,2,'delete_permission','Can delete permission'),
 (8,2,'view_permission','Can view permission'),
 (9,3,'add_group','Can add group'),
 (10,3,'change_group','Can change group'),
 (11,3,'delete_group','Can delete group'),
 (12,3,'view_group','Can view group'),
 (13,4,'add_user','Can add user'),
 (14,4,'change_user','Can change user'),
 (15,4,'delete_user','Can delete user'),
 (16,4,'view_user','Can view user'),
 (17,5,'add_contenttype','Can add content type'),
 (18,5,'change_contenttype','Can change content type'),
 (19,5,'delete_contenttype','Can delete content type'),
 (20,5,'view_contenttype','Can view content type'),
 (21,6,'add_session','Can add session'),
 (22,6,'change_session','Can change session'),
 (23,6,'delete_session','Can delete session'),
 (24,6,'view_session','Can view session'),
 (25,7,'add_categories','Can add categories'),
 (26,7,'change_categories','Can change categories'),
 (27,7,'delete_categories','Can delete categories'),
 (28,7,'view_categories','Can view categories'),
 (29,8,'add_products','Can add products'),
 (30,8,'change_products','Can change products'),
 (31,8,'delete_products','Can delete products'),
 (32,8,'view_products','Can view products'),
 (33,9,'add_good','Can add good'),
 (34,9,'change_good','Can change good'),
 (35,9,'delete_good','Can delete good'),
 (36,9,'view_good','Can view good');
INSERT INTO "auth_user" ("id","password","last_login","is_superuser","username","last_name","email","is_staff","is_active","date_joined","first_name") VALUES (1,'pbkdf2_sha256$600000$nlKhXCvUBbVQKNPbPRFuzr$m6O33j2UCIbG95C+5MHzhHSemAlO91EOK2d+lt1uPlM=','2024-11-27 21:36:30.979577',1,'root','','',1,1,'2024-11-20 14:05:10.475655',''),
 (2,'pbkdf2_sha256$600000$39PzNNaZMOFPlBwq3jHARJ$cXQdI3Zk4h9EhNwKXYuaWxEHz2UfADJdikz/GsLuVGI=',NULL,0,'username1','','email@example.com',0,1,'2024-12-21 16:33:58.544735','');
INSERT INTO "category" ("id","name","slug") VALUES (2,'Все товары','all'),
 (3,'Ноутбуки','laptops'),
 (4,'Планшеты','tablets'),
 (5,'Смартфоны','phones'),
 (6,'Компьютеры','computers');
INSERT INTO "django_admin_log" ("id","object_id","object_repr","action_flag","change_message","content_type_id","user_id","action_time") VALUES (1,'1','Все категории',1,'[{"added": {}}]',7,1,'2024-11-21 08:37:29.330741'),
 (2,'1','Все категории',3,'',7,1,'2024-11-21 08:40:48.640057'),
 (3,'2','Все товары',1,'[{"added": {}}]',7,1,'2024-11-21 08:41:00.828990'),
 (4,'2','Все товары',2,'[{"changed": {"fields": ["Slug"]}}]',7,1,'2024-11-21 08:41:29.166107'),
 (5,'3','Ноутбуки',1,'[{"added": {}}]',7,1,'2024-11-21 08:42:13.885203'),
 (6,'4','Планшеты',1,'[{"added": {}}]',7,1,'2024-11-21 08:42:37.209947'),
 (7,'5','Смартфоны',1,'[{"added": {}}]',7,1,'2024-11-21 08:42:51.619516'),
 (8,'6','Компьютеры',1,'[{"added": {}}]',7,1,'2024-11-21 08:43:03.310745'),
 (9,'1','Планшет Teclast P30T 4GB/128GB (серый) Количество - 0',1,'[{"added": {}}]',8,1,'2024-11-21 08:54:38.494830'),
 (10,'1','Планшет Teclast P30T 4GB/128GB (серый) Количество - 5',2,'[{"changed": {"fields": ["\u041a\u043e\u043b\u0438\u0447\u0435\u0441\u0442\u0432\u043e"]}}]',8,1,'2024-11-21 08:54:49.079146');
INSERT INTO "django_content_type" ("id","app_label","model") VALUES (1,'admin','logentry'),
 (2,'auth','permission'),
 (3,'auth','group'),
 (4,'auth','user'),
 (5,'contenttypes','contenttype'),
 (6,'sessions','session'),
 (7,'goods','categories'),
 (8,'goods','products'),
 (9,'goods','good');
INSERT INTO "django_migrations" ("id","app","name","applied") VALUES (1,'contenttypes','0001_initial','2024-11-19 12:11:13.272118'),
 (2,'auth','0001_initial','2024-11-19 12:11:13.290609'),
 (3,'admin','0001_initial','2024-11-19 12:11:13.294671'),
 (4,'admin','0002_logentry_remove_auto_add','2024-11-19 12:11:13.309274'),
 (5,'admin','0003_logentry_add_action_flag_choices','2024-11-19 12:11:13.314786'),
 (6,'contenttypes','0002_remove_content_type_name','2024-11-19 12:11:13.323897'),
 (7,'auth','0002_alter_permission_name_max_length','2024-11-19 12:11:13.334481'),
 (8,'auth','0003_alter_user_email_max_length','2024-11-19 12:11:13.338496'),
 (9,'auth','0004_alter_user_username_opts','2024-11-19 12:11:13.347913'),
 (10,'auth','0005_alter_user_last_login_null','2024-11-19 12:11:13.355150'),
 (11,'auth','0006_require_contenttypes_0002','2024-11-19 12:11:13.355150'),
 (12,'auth','0007_alter_validators_add_error_messages','2024-11-19 12:11:13.363626'),
 (13,'auth','0008_alter_user_username_max_length','2024-11-19 12:11:13.370753'),
 (14,'auth','0009_alter_user_last_name_max_length','2024-11-19 12:11:13.373389'),
 (15,'auth','0010_alter_group_name_max_length','2024-11-19 12:11:13.385801'),
 (16,'auth','0011_update_proxy_permissions','2024-11-19 12:11:13.388197'),
 (17,'auth','0012_alter_user_first_name_max_length','2024-11-19 12:11:13.400226'),
 (18,'goods','0001_initial','2024-11-19 12:11:13.403513'),
 (19,'sessions','0001_initial','2024-11-19 12:11:13.409102'),
 (20,'goods','0002_alter_categories_table','2024-11-21 08:06:49.612415'),
 (21,'goods','0003_products','2024-11-21 08:25:11.202947'),
 (22,'goods','0004_alter_products_table','2024-11-27 16:48:29.196400'),
 (23,'goods','0005_good_alter_products_table','2024-11-27 16:52:04.358209'),
 (24,'goods','0006_alter_good_table','2024-11-27 16:52:04.363810');
INSERT INTO "django_session" ("session_key","session_data","expire_date") VALUES ('ilwv0sm1pel1el2rf9esvhnlg5bvqtyy','.eJxVjEEOwiAQAP_C2ZDCAi0evfcNZBcWqRqalPZk_Lsh6UGvM5N5i4DHXsLReAtLElehxOWXEcYn1y7SA-t9lXGt-7aQ7Ik8bZPzmvh1O9u_QcFW-pY9AGc7mORU1sahQu08wUijZhMJBzt50tplYIcwMURGSIqNtZa8-HwB2MI3yw:1tGPi2:m-1hxWbRfzL7t62Co44_DSi2A_OQ8G7O9Vjgnm5RNvw','2024-12-11 21:36:30.983578');
INSERT INTO "myapp_good" ("id","name","description","price","image") VALUES (5,'Смартфон HONOR X7c 6GB/128GB (лесной зеленый)','6.77 " 720x1610 пикселей, TFT , 120 Гц; Qualcomm Snapdragon 685 , 8 ядр., 2.8 ГГц; ОЗУ 6 ГБ , 128 ГБ; 108 Мп',699,'images/Смартфон_HONOR_X7c_6GB_128GB_лесной_зеленый.jpg'),
 (6,'Смартфон Xiaomi Redmi Note 13 8GB/256GB Midnight Black RU','6.67 " 1080x2400 пикселей, AMOLED , 120 Гц; Qualcomm Snapdragon 685 , 8 ядр., 2.8 ГГц; ОЗУ 8 ГБ , 256 ГБ; 108 Мп',699,'images/Смартфон_Xiaomi_Redmi_Note_13_8GB_256GB_Midnight_B.jpg'),
 (7,'Смартфон Xiaomi Redmi Note 13 8GB/256GB Mint Green RU','6.67 " 1080x2400 пикселей, AMOLED , 120 Гц; Qualcomm Snapdragon 685 , 8 ядр., 2.8 ГГц; ОЗУ 8 ГБ , 256 ГБ; 108 Мп',699,'images/Смартфон_Xiaomi_Redmi_Note_13_8GB_256GB_Mint_Green.jpg'),
 (8,'Смартфон Apple iPhone 15 128GB Black (MTP03HN/A)','6.1 " 1179х2556 пикселей, OLED , 60 Гц; Apple A16 Bionic , 6 ядр., 3.46 ГГц; ОЗУ 6 ГБ , 128 ГБ; Да; 48 Мп',2999,'images/Смартфон_Apple_iPhone_15_128GB_Black_MTP03HN_A.jpg'),
 (9,'Смартфон Xiaomi Redmi 12 8GB/256GB Midnight Black RU','6.79 " 1080x2460 пикселей, IPS , 90 Гц; MediaTek Helio G88 , 8 ядр., 2.0 ГГц; ОЗУ 8 ГБ , 256 ГБ; 50 Мп',399,'images/Смартфон_Xiaomi_Redmi_12_8GB_256GB_Midnight_Black_.jpg'),
 (10,'Смартфон Realme C61 8GB/256GB (темно-зеленый)','6.74 " 720х1600 пикселей, IPS , 90 Гц; UniSoC Tiger T612 , 8 ядр., 1.82 ГГц; ОЗУ 8 ГБ , 256 ГБ; 50 Мп',369,'images/Смартфон_Realme_C61_8GB_256GB_темно-зеленый.jpg'),
 (11,'Смартфон Infinix Note 40 8GB/256GB Obsidian Black','6.78 " 1080x2436 пикселей, AMOLED , 120 Гц; MediaTek Helio G99 Ultimate , 8 ядр., 2.2 ГГц; ОЗУ 8 ГБ , 256 ГБ; 108 Мп',699,'images/Смартфон_Infinix_Note_40_8GB_256GB_Obsidian_Black.jpg'),
 (12,'Смартфон Huawei nova 12i 8GB/256Gb (CTR-L81) Green','6.7 " 1080x2388 пикселей, IPS , 90 Гц; Qualcomm Snapdragon 680 , 8 ядр., 2.4 ГГц; ОЗУ 8 ГБ , 256 ГБ; 108 Мп',549,'images/Смартфон_Huawei_nova_12i_8GB_256Gb_CTR-L81_Green.jpg'),
 (13,'Смартфон Xiaomi Redmi 12 8GB/256GB с NFC Polar Silver RU','6.79 " 1080x2460 пикселей, IPS , 90 Гц; MediaTek Helio G88 , 8 ядр., 2.0 ГГц; ОЗУ 8 ГБ , 256 ГБ; 50 Мп',399,'images/Смартфон_Xiaomi_Redmi_12_8GB_256GB_с_NFC_Polar_Sil.jpg'),
 (14,'Смартфон Apple iPhone 15 Pro 128GB Blue Titanium (MTUA3AH/A)','6.1 " 1179х2556 пикселей, OLED , 120 Гц; Apple A17 Pro , 6 ядр., 3.78 ГГц; ОЗУ 8 ГБ , 128 ГБ; Да; 48 Мп',4399,'images/Смартфон_Apple_iPhone_15_Pro_128GB_Blue_Titanium_.jpg'),
 (15,'Смартфон Samsung Galaxy A55 5G 8GB/256GB (лавандовый)','6.6 " 1080x2340 пикселей, AMOLED (Super AMOLED) , 120 Гц; Exynos 1480 , 8 ядр., 2.75 ГГц; ОЗУ 8 ГБ , 256 ГБ; 50 Мп',1549,'images/Смартфон_Samsung_Galaxy_A55_5G_8GB_256GB_лавандов.jpg'),
 (16,'Смартфон Samsung Galaxy A55 5G 8GB/128GB (темно-синий)','6.6 " 1080x2340 пикселей, AMOLED (Super AMOLED) , 120 Гц; Exynos 1480 , 8 ядр., 2.75 ГГц; ОЗУ 8 ГБ , 128 ГБ; 50 Мп',1369,'images/Смартфон_Samsung_Galaxy_A55_5G_8GB_128GB_темно-си.jpg'),
 (17,'Смартфон Samsung Galaxy S24 SM-S921 256GB (черный)','6.2 " 1080x2340 пикселей, Dynamic AMOLED 2X , 120 Гц; Exynos 2400 , 10 ядр., 3.2 ГГц; ОЗУ 8 ГБ , 256 ГБ; Да; 50 Мп',2999,'images/Смартфон_Samsung_Galaxy_S24_SM-S921_256GB_черный.jpg'),
 (18,'Смартфон Tecno POVA 5 (LH7n) 8GB/256GB Mecha Black','6.8 " 1080x2460 пикселей, IPS , 120 Гц; MediaTek Helio G99 , 8 ядр., 2.2 ГГц; ОЗУ 8 ГБ , 256 ГБ; 50 Мп',449,'images/Смартфон_Tecno_POVA_5_LH7n_8GB_256GB_Mecha_Black.jpg'),
 (19,'Смартфон Apple iPhone 13 128GB Midnight (MLPF3HN/A)','6.1 " 1170x2532 пикселей, OLED , 60 Гц; Apple A15 Bionic , 6 ядр.; ОЗУ 4 ГБ , 128 ГБ; Да; 12 Мп',2249,'images/Смартфон_Apple_iPhone_13_128GB_Midnight_MLPF3HN_A.jpg'),
 (20,'Смартфон Apple iPhone 13 128GB Starlight (MLPG3HN/A)','6.1 " 1170x2532 пикселей, OLED , 60 Гц; Apple A15 Bionic , 6 ядр.; ОЗУ 4 ГБ , 128 ГБ; Да; 12 Мп',2249,'images/Смартфон_Apple_iPhone_13_128GB_Starlight_MLPG3HN_.jpg'),
 (21,'Смартфон Samsung Galaxy A55 5G 8GB/256GB (темно-синий)','6.6 " 1080x2340 пикселей, AMOLED (Super AMOLED) , 120 Гц; Exynos 1480 , 8 ядр., 2.75 ГГц; ОЗУ 8 ГБ , 256 ГБ; 50 Мп',1549,'images/Смартфон_Samsung_Galaxy_A55_5G_8GB_256GB_темно-си.jpg'),
 (22,'Смартфон POCO M6 Pro 12GB/512GB Blue RU','6.67 " 1080x2400 пикселей, AMOLED , 120 Гц; MediaTek Helio G99 Ultra , 8 ядр., 2.2 ГГц; ОЗУ 12 ГБ , 512 ГБ; 64 Мп',849,'images/Смартфон_POCO_M6_Pro_12GB_512GB_Blue_RU.jpg'),
 (23,'Смартфон Xiaomi Redmi 13C 4GB/128GB Navy Blue RU','6.74 " 720x1600 пикселей, IPS , 90 Гц; MediaTek Helio G85 , 8 ядр., 2.0 ГГц; ОЗУ 4 ГБ , 128 ГБ; 50 Мп',329,'images/Смартфон_Xiaomi_Redmi_13C_4GB_128GB_Navy_Blue_RU.jpg'),
 (24,'Смартфон Xiaomi Redmi Note 13 Pro 8GB/256GB Midnight Black RU','6.67 " 1080x2400 пикселей, AMOLED , 120 Гц; MediaTek Helio G99 Ultra , 8 ядр., 2.2 ГГц; ОЗУ 8 ГБ , 256 ГБ; 200 Мп',999,'images/Смартфон_Xiaomi_Redmi_Note_13_Pro_8GB_256GB_Midnig.jpg'),
 (25,'Смартфон Samsung Galaxy A55 5G 8GB/256GB (голубой)','6.6 " 1080x2340 пикселей, AMOLED (Super AMOLED) , 120 Гц; Exynos 1480 , 8 ядр., 2.75 ГГц; ОЗУ 8 ГБ , 256 ГБ; 50 Мп',1549,'images/Смартфон_Samsung_Galaxy_A55_5G_8GB_256GB_голубой.jpg'),
 (26,'Смартфон Apple iPhone 16 128GB Pink (MYEA3HN/A)','6.1 " 1179х2556 пикселей, OLED , 60 Гц; Apple A18 , 6 ядр., 4.04 ГГц; ОЗУ 8 ГБ , 128 ГБ; Да; 48 Мп',3899,'images/Смартфон_Apple_iPhone_16_128GB_Pink_MYEA3HN_A.jpg'),
 (27,'Смартфон Xiaomi Redmi 13 8GB/256GB Midnight Black RU','6.79 " 1080x2400 пикселей, IPS , 90 Гц; MediaTek Helio G91 Ultra , 8 ядр., 2 ГГц; ОЗУ 8 ГБ , 256 ГБ; 108 Мп',599,'images/Смартфон_Xiaomi_Redmi_13_8GB_256GB_Midnight_Black_.jpg'),
 (28,'Смартфон Huawei Pura 70 12GB/256GB (ADY-LX9) White','6.6 " 1256х2760 пикселей, OLED , 120 Гц; HiSilicon Kirin 9000S1 , 8 ядр., 2.49 ГГц; ОЗУ 12 ГБ , 256 ГБ; 50 Мп',1899,'images/Смартфон_Huawei_Pura_70_12GB_256GB_ADY-LX9_White.jpg'),
 (29,'Смартфон APPLE iPhone 14 128GB Midnight (MPUF3HN/A)','6.1 " 1170x2532 пикселей, OLED , 60 Гц; Apple A15 Bionic , 6 ядр., 3.23 ГГц; ОЗУ 6 ГБ , 128 ГБ; Да; 12 Мп',2599,'images/Смартфон_APPLE_iPhone_14_128GB_Midnight_MPUF3HN_A.jpg'),
 (30,'Смартфон APPLE iPhone 12 128Gb Black (MGJA3AA/A)','6.1 " 1170x2532 пикселей, OLED , 60 Гц; Apple A14 Bionic , 6 ядр.; ОЗУ 4 ГБ , 128 ГБ; Да; 12 Мп',1999,'images/Смартфон_APPLE_iPhone_12_128Gb_Black_MGJA3AA_A.jpg'),
 (31,'Смартфон Samsung Galaxy A06 6GB/128GB (SM-A065FZKHCAU) черный','6.7 " 720x1600 пикселей, PLS , 60 Гц; MediaTek Helio G85 , 8 ядр., 2.0 ГГц; ОЗУ 6 ГБ , 128 ГБ; 50 Мп',439,'images/Смартфон_Samsung_Galaxy_A06_6GB_128GB_SM-A065FZKH.jpg'),
 (32,'Смартфон TCL 50 Pro NXTPAPER 5G T803D (8GB/512GB) Moon Gray','6.8 " 1080x2460 пикселей, IPS , 120 Гц; MediaTek Dimensity 6300 , 8 ядр., 2.4 ГГц; ОЗУ 8 ГБ , 512 ГБ; Да; 108 Мп',1249,'images/Смартфон_TCL_50_Pro_NXTPAPER_5G_T803D_8GB_512GB_.jpg'),
 (33,'Смартфон Apple iPhone 13 128GB Pink (MLPH3HN/A)','6.1 " 1170x2532 пикселей, OLED , 60 Гц; Apple A15 Bionic , 6 ядр.; ОЗУ 4 ГБ , 128 ГБ; Да; 12 Мп',2249,'images/Смартфон_Apple_iPhone_13_128GB_Pink_MLPH3HN_A.jpg'),
 (34,'Смартфон Honor X7b 8GB/128GB Flowing Silver','6.8 " 1080x2412 пикселей, IPS , 90 Гц; Qualcomm Snapdragon 680 , 8 ядр., 2.4 ГГц; ОЗУ 8 ГБ , 128 ГБ; 108 Мп',549,'images/Смартфон_Honor_X7b_8GB_128GB_Flowing_Silver.jpg'),
 (35,'Смартфон Samsung Galaxy S24 SM-S921 128GB (черный)','6.2 " 1080x2340 пикселей, Dynamic AMOLED 2X , 120 Гц; Exynos 2400 , 10 ядр., 3.2 ГГц; ОЗУ 8 ГБ , 128 ГБ; Да; 50 Мп',2699,'images/Смартфон_Samsung_Galaxy_S24_SM-S921_128GB_черный.jpg'),
 (36,'Смартфон Samsung Galaxy A35 5G 8GB/128GB (лавандовый)','6.6 " 1080x2340 пикселей, AMOLED (Super AMOLED) , 120 Гц; Exynos 1380 , 8 ядр., 2.4 ГГц; ОЗУ 8 ГБ , 128 ГБ; 50 Мп',1069,'images/Смартфон_Samsung_Galaxy_A35_5G_8GB_128GB_лавандов.jpg'),
 (37,'Смартфон HONOR X8b (LLY-LX1) 8GB/128GB Glamorous Green','6.7 " 1080x2412 пикселей, AMOLED , 90 Гц; Qualcomm Snapdragon 680 , 8 ядр., 2.4 ГГц; ОЗУ 8 ГБ , 128 ГБ; 108 Мп',699,'images/Смартфон_HONOR_X8b_LLY-LX1_8GB_128GB_Glamorous_G.jpg'),
 (38,'Смартфон Samsung Galaxy A06 6GB/128GB (SM-A065FLBHCAU) голубой','6.7 " 720x1600 пикселей, PLS , 60 Гц; MediaTek Helio G85 , 8 ядр., 2.0 ГГц; ОЗУ 6 ГБ , 128 ГБ; 50 Мп',439,'images/Смартфон_Samsung_Galaxy_A06_6GB_128GB_SM-A065FLBH.jpg'),
 (39,'Смартфон Xiaomi Redmi A3 3GB/64GB Midnight Black EU','6.71 " 720x1650 пикселей, IPS , 90 Гц; MediaTek Helio G36 , 8 ядр., 2.2 ГГц; ОЗУ 3 ГБ , 64 ГБ; 8 Мп',249,'images/Смартфон_Xiaomi_Redmi_A3_3GB_64GB_Midnight_Black_E.jpg'),
 (40,'Смартфон Huawei Pura 70 12GB/256GB (ADY-LX9) Black','6.6 " 1256х2760 пикселей, OLED , 120 Гц; HiSilicon Kirin 9000S1 , 8 ядр., 2.49 ГГц; ОЗУ 12 ГБ , 256 ГБ; 50 Мп',1899,'images/Смартфон_Huawei_Pura_70_12GB_256GB_ADY-LX9_Black.jpg'),
 (41,'Смартфон Xiaomi 14T 12GB/256GB Titan Black RU','6.67 " 1220x2712 пикселей, OLED , 144 Гц; MediaTek Dimensity 8300 Ultra , 8 ядр., 3.35 ГГц; ОЗУ 12 ГБ , 256 ГБ; Да; 50 Мп',1999,'images/Смартфон_Xiaomi_14T_12GB_256GB_Titan_Black_RU.jpg'),
 (42,'Смартфон Apple iPhone 16 128GB Black (MYE73HN/A)','6.1 " 1179х2556 пикселей, OLED , 60 Гц; Apple A18 , 6 ядр., 4.04 ГГц; ОЗУ 8 ГБ , 128 ГБ; Да; 48 Мп',3899,'images/Смартфон_Apple_iPhone_16_128GB_Black_MYE73HN_A.jpg'),
 (43,'Смартфон Xiaomi Redmi Note 13 Pro 12GB/512GB Forest Green RU','6.67 " 1080x2400 пикселей, AMOLED , 120 Гц; MediaTek Helio G99 Ultra , 8 ядр., 2.2 ГГц; ОЗУ 12 ГБ , 512 ГБ; 200 Мп',1199,'images/Смартфон_Xiaomi_Redmi_Note_13_Pro_12GB_512GB_Fores.jpg'),
 (44,'Смартфон Huawei Pura 70 12GB/256GB (ADY-LX9) Pink','6.6 " 1256х2760 пикселей, OLED , 120 Гц; HiSilicon Kirin 9000S1 , 8 ядр., 2.49 ГГц; ОЗУ 12 ГБ , 256 ГБ; 50 Мп',1899,'images/Смартфон_Huawei_Pura_70_12GB_256GB_ADY-LX9_Pink.jpg'),
 (45,'Смартфон Apple iPhone 16 Pro 128GB Black Titanium (MYND3QN/A)','6.3 " 1206x2622 пикселей, OLED , 120 Гц; Apple A18 Pro , 6 ядр., 4.04 ГГц; ОЗУ 8 ГБ , 128 ГБ; Да; 48 Мп',5499,'images/Смартфон_Apple_iPhone_16_Pro_128GB_Black_Titanium_.jpg'),
 (46,'Смартфон Apple iPhone 15 128GB Pink (MTP13HN/A)','6.1 " 1179х2556 пикселей, OLED , 60 Гц; Apple A16 Bionic , 6 ядр., 3.46 ГГц; ОЗУ 6 ГБ , 128 ГБ; Да; 48 Мп',2999,'images/Смартфон_Apple_iPhone_15_128GB_Pink_MTP13HN_A.jpg'),
 (47,'Смартфон Samsung Galaxy S24+ SM-S926 256GB (черный)','6.7 " 1440х3120 пикселей, Dynamic AMOLED 2X , 120 Гц; Exynos 2400 , 10 ядр., 3.2 ГГц; ОЗУ 12 ГБ , 256 ГБ; Да; 50 Мп',3299,'images/Смартфон_Samsung_Galaxy_S24_SM-S926_256GB_черный.jpg'),
 (48,'Смартфон POCO M6 PRO 12GB/512GB Black RU','6.67 " 1080x2400 пикселей, AMOLED , 120 Гц; MediaTek Helio G99 Ultra , 8 ядр., 2.2 ГГц; ОЗУ 12 ГБ , 512 ГБ; 64 Мп',849,'images/Смартфон_POCO_M6_PRO_12GB_512GB_Black_RU.jpg'),
 (49,'Смартфон Apple iPhone 13 128GB Green (MNGK3HN/A)','6.1 " 1170x2532 пикселей, OLED , 60 Гц; Apple A15 Bionic , 6 ядр.; ОЗУ 4 ГБ , 128 ГБ; Да; 12 Мп',2249,'images/Смартфон_Apple_iPhone_13_128GB_Green_MNGK3HN_A.jpg'),
 (50,'Смартфон POCO M6 Pro 8GB/256GB Black RU','6.67 " 1080x2400 пикселей, AMOLED , 120 Гц; MediaTek Helio G99 Ultra , 8 ядр., 2.2 ГГц; ОЗУ 8 ГБ , 256 ГБ; 64 Мп',749,'images/Смартфон_POCO_M6_Pro_8GB_256GB_Black_RU.jpg'),
 (51,'Смартфон Apple iPhone 16 Pro Max 256GB Desert Titanium (MYWX3QN/A)','6.9 " 1320x2868 пикселей, OLED , 120 Гц; Apple A18 Pro , 6 ядр., 4.04 ГГц; ОЗУ 8 ГБ , 256 ГБ; Да; 48 Мп',7199,'images/Смартфон_Apple_iPhone_16_Pro_Max_256GB_Desert_Tita.jpg'),
 (52,'Смартфон Infinix Hot 40 8GB/128GB (черный)','6.78 " 1080x2460 пикселей, IPS , 90 Гц; MediaTek Helio G88 , 8 ядр., 2.0 ГГц; ОЗУ 8 ГБ , 128 ГБ; 50 Мп',398,'images/Смартфон_Infinix_Hot_40_8GB_128GB_черный.jpg'),
 (53,'Смартфон HONOR X7c 8GB/256GB (лесной зеленый)','6.77 " 720x1610 пикселей, TFT , 120 Гц; Qualcomm Snapdragon 685 , 8 ядр., 2.8 ГГц; ОЗУ 8 ГБ , 256 ГБ; 108 Мп',799,'images/Смартфон_HONOR_X7c_8GB_256GB_лесной_зеленый.jpg'),
 (54,'Смартфон Xiaomi Redmi 13 8GB/256GB Pearl Pink RU','6.79 " 1080x2400 пикселей, IPS , 90 Гц; MediaTek Helio G91 Ultra , 8 ядр., 2 ГГц; ОЗУ 8 ГБ , 256 ГБ; 108 Мп',599,'images/Смартфон_Xiaomi_Redmi_13_8GB_256GB_Pearl_Pink_RU.jpg'),
 (55,'Смартфон Apple iPhone 16 256GB Pink (MYEG3HN/A)','6.1 " 1179х2556 пикселей, OLED , 60 Гц; Apple A18 , 6 ядр., 4.04 ГГц; ОЗУ 8 ГБ , 256 ГБ; Да; 48 Мп',4399,'images/Смартфон_Apple_iPhone_16_256GB_Pink_MYEG3HN_A.jpg'),
 (56,'Смартфон POCO M6 Pro 12GB/512GB Purple RU','6.67 " 1080x2400 пикселей, AMOLED , 120 Гц; MediaTek Helio G99 Ultra , 8 ядр., 2.2 ГГц; ОЗУ 12 ГБ , 512 ГБ; 64 Мп',849,'images/Смартфон_POCO_M6_Pro_12GB_512GB_Purple_RU.jpg'),
 (57,'Смартфон APPLE iPhone 14 128GB Starlight (MPUR3HN/A)','6.1 " 1170x2532 пикселей, OLED , 60 Гц; Apple A15 Bionic , 6 ядр., 3.23 ГГц; ОЗУ 6 ГБ , 128 ГБ; Да; 12 Мп',2599,'images/Смартфон_APPLE_iPhone_14_128GB_Starlight_MPUR3HN_.jpg'),
 (58,'Смартфон Tecno Spark 20 8GB/256GB (черный)','6.6 " 720x1612 пикселей, IPS , 90 Гц; MediaTek Helio G85 , 8 ядр., 2.0 ГГц; ОЗУ 8 ГБ , 256 ГБ; 50 Мп',349,'images/Смартфон_Tecno_Spark_20_8GB_256GB_черный.jpg'),
 (59,'Смартфон Honor 200 (ELI-NX9) 8GB/256GB Black','6.7 " 1200x2664 пикселей, AMOLED , 120 Гц; Qualcomm Snapdragon 7 Gen3 , 8 ядр., 2.63 ГГц; ОЗУ 8 ГБ , 256 ГБ; Да; 50 Мп',1499,'images/Смартфон_Honor_200_ELI-NX9_8GB_256GB_Black.jpg'),
 (60,'Смартфон APPLE iPhone 11 128GB White (MHDJЗQL/A)','6.1 " 828x1792 пикселей, IPS , 60 Гц; Apple A13 Bionic , 6 ядр., 2.65 ГГц; ОЗУ 4 ГБ , 128 ГБ; Да; 12 Мп',1799,'images/Смартфон_APPLE_iPhone_11_128GB_White_MHDJЗQL_A.jpg'),
 (61,'Смартфон Huawei Pura 70 Pro 12GB/512GB (HBN-LX9) Black','6.8 " 1260x2844 пикселей, OLED , 120 Гц; HiSilicon Kirin 9010 , 8 ядр., 2.3 ГГц; ОЗУ 12 ГБ , 512 ГБ; 50 Мп',2499,'images/Смартфон_Huawei_Pura_70_Pro_12GB_512GB_HBN-LX9_B.jpg'),
 (62,'Смартфон Xiaomi Redmi Note 13 8GB/512GB Midnight Black EU','6.67 " 1080x2400 пикселей, AMOLED , 120 Гц; Qualcomm Snapdragon 685 , 8 ядр., 2.8 ГГц; ОЗУ 8 ГБ , 512 ГБ; 108 Мп',899,'images/Смартфон_Xiaomi_Redmi_Note_13_8GB_512GB_Midnight_B.jpg'),
 (63,'Смартфон Xiaomi Redmi 13 8GB/256GB Ocean Blue RU','6.79 " 1080x2400 пикселей, IPS , 90 Гц; MediaTek Helio G91 Ultra , 8 ядр., 2 ГГц; ОЗУ 8 ГБ , 256 ГБ; 108 Мп',599,'images/Смартфон_Xiaomi_Redmi_13_8GB_256GB_Ocean_Blue_RU.jpg'),
 (64,'Смартфон Huawei nova 12i 8GB/256Gb (CTR-L81) Black','6.7 " 1080x2388 пикселей, IPS , 90 Гц; Qualcomm Snapdragon 680 , 8 ядр., 2.4 ГГц; ОЗУ 8 ГБ , 256 ГБ; 108 Мп',549,'images/Смартфон_Huawei_nova_12i_8GB_256Gb_CTR-L81_Black.jpg'),
 (65,'Смартфон HONOR 90 8GB/256GB (изумрудный зеленый)','6.7 " 1200x2664 пикселей, AMOLED , 120 Гц; Qualcomm Snapdragon 7 Gen1 Accelerated Edition , 8 ядр., 2.5 ГГц; ОЗУ 8 ГБ , 256 ГБ; Да; 200 Мп',1199,'images/Смартфон_HONOR_90_8GB_256GB_изумрудный_зеленый.jpg'),
 (66,'Смартфон Apple iPhone 13 128GB Blue (MLPK3HN/A)','6.1 " 1170x2532 пикселей, OLED , 60 Гц; Apple A15 Bionic , 6 ядр.; ОЗУ 4 ГБ , 128 ГБ; Да; 12 Мп',2249,'images/Смартфон_Apple_iPhone_13_128GB_Blue_MLPK3HN_A.jpg'),
 (67,'Смартфон Xiaomi Redmi Note 13 Pro 8GB/256GB Forest Green RU','6.67 " 1080x2400 пикселей, AMOLED , 120 Гц; MediaTek Helio G99 Ultra , 8 ядр., 2.2 ГГц; ОЗУ 8 ГБ , 256 ГБ; 200 Мп',999,'images/Смартфон_Xiaomi_Redmi_Note_13_Pro_8GB_256GB_Forest.jpg'),
 (68,'Смартфон Samsung Galaxy A35 5G 8GB/256GB (темно-синий)','6.6 " 1080x2340 пикселей, AMOLED (Super AMOLED) , 120 Гц; Exynos 1380 , 8 ядр., 2.4 ГГц; ОЗУ 8 ГБ , 256 ГБ; 50 Мп',1199,'images/Смартфон_Samsung_Galaxy_A35_5G_8GB_256GB_темно-си.jpg'),
 (69,'Смартфон Samsung Galaxy S24 FE 256GB (SM-S721BZACCAU) серый','6.7 " 1080x2340 пикселей, Dynamic AMOLED 2X , 120 Гц; Exynos 2400e , 10 ядр., 3.1 ГГц; ОЗУ 8 ГБ , 256 ГБ; Да; 50 Мп',2499,'images/Смартфон_Samsung_Galaxy_S24_FE_256GB_SM-S721BZACC.jpg'),
 (70,'Смартфон Xiaomi Redmi Note 13 Pro+ 5G 8GB/256GB Moonlight White EU','6.67 " 1220x2712 пикселей, AMOLED , 120 Гц; MediaTek Dimensity 7200 Ultra , 8 ядр., 2.8 ГГц; ОЗУ 8 ГБ , 256 ГБ; Да; 200 Мп',1499,'images/Смартфон_Xiaomi_Redmi_Note_13_Pro_5G_8GB_256GB_Mo.jpg'),
 (71,'Смартфон Apple iPhone 16 128GB Ultramarine (MYEC3HN/A)','6.1 " 1179х2556 пикселей, OLED , 60 Гц; Apple A18 , 6 ядр., 4.04 ГГц; ОЗУ 8 ГБ , 128 ГБ; Да; 48 Мп',3899,'images/Смартфон_Apple_iPhone_16_128GB_Ultramarine_MYEC3H.jpg'),
 (72,'Смартфон Huawei nova Y72 8GB/128GB (MGA-LX3) зеленый','6.75 " 720x1600 пикселей, TFT , 60 Гц; HiSilicon Kirin 710A , 8 ядр., 2.0 ГГц; ОЗУ 8 ГБ , 128 ГБ; 50 Мп',399,'images/Смартфон_Huawei_nova_Y72_8GB_128GB_MGA-LX3_зелен.jpg'),
 (73,'Смартфон HONOR X8b (LLY-LX1) 8GB/256GB Glamorous Green','6.7 " 1080x2412 пикселей, AMOLED , 90 Гц; Qualcomm Snapdragon 680 , 8 ядр., 2.4 ГГц; ОЗУ 8 ГБ , 256 ГБ; 108 Мп',799,'images/Смартфон_HONOR_X8b_LLY-LX1_8GB_256GB_Glamorous_G.jpg'),
 (74,'Смартфон Infinix Hot 30 Play NFC 8GB/128GB (белый)','6.82 " 720x1640 пикселей, IPS , 90 Гц; MediaTek Helio G37 , 8 ядр., 2.3 ГГц; ОЗУ 8 ГБ , 128 ГБ; 16 Мп',329,'images/Смартфон_Infinix_Hot_30_Play_NFC_8GB_128GB_белый.jpg'),
 (75,'Смартфон Cubot King Kong 9 12GB/256GB (черный)','6.58 " 1080x2460 пикселей, IPS , 120 Гц; MediaTek Helio G99 , 8 ядр., 2.2 ГГц; ОЗУ 12 ГБ , 256 ГБ; 100 Мп',1050,'images/Смартфон_Cubot_King_Kong_9_12GB_256GB_черный.jpg'),
 (76,'Смартфон Samsung Galaxy S24 SM-S921 256GB (фиолетовый)','6.2 " 1080x2340 пикселей, Dynamic AMOLED 2X , 120 Гц; Exynos 2400 , 10 ядр., 3.2 ГГц; ОЗУ 8 ГБ , 256 ГБ; Да; 50 Мп',2999,'images/Смартфон_Samsung_Galaxy_S24_SM-S921_256GB_фиолето.jpg'),
 (77,'Смартфон Honor 200 Lite (LLY-NX1) 8GB/256GB Cyan Lake','6.7 " 1080x2412 пикселей, AMOLED , 90 Гц; MediaTek Dimensity 6080 , 8 ядр., 2.4 ГГц; ОЗУ 8 ГБ , 256 ГБ; 108 Мп',999,'images/Смартфон_Honor_200_Lite_LLY-NX1_8GB_256GB_Cyan_L.jpg'),
 (78,'Смартфон Apple iPhone 15 Pro Max 512GB Natural Titanium (MU7E3RX/A)','6.7 " 1290х2796 пикселей, OLED , 120 Гц; Apple A17 Pro , 6 ядр., 3.78 ГГц; ОЗУ 8 ГБ , 512 ГБ; Да; 48 Мп',5999,'images/Смартфон_Apple_iPhone_15_Pro_Max_512GB_Natural_Tit.jpg'),
 (79,'Смартфон Infinix HOT 40 Pro 8GB/256GB (черный)','6.78 " 1080x2460 пикселей, IPS , 120 Гц; MediaTek Helio G99 , 8 ядр., 2.2 ГГц; ОЗУ 8 ГБ , 256 ГБ; 108 Мп',599,'images/Смартфон_Infinix_HOT_40_Pro_8GB_256GB_черный.jpg'),
 (80,'Смартфон Xiaomi 14T Pro 12GB/512GB Titan Gray RU','6.67 " 1220x2712 пикселей, OLED , 144 Гц; MediaTek Dimensity 9300+ , 8 ядр., 3.25 ГГц; ОЗУ 12 ГБ , 512 ГБ; Да; 50 Мп',2799,'images/Смартфон_Xiaomi_14T_Pro_12GB_512GB_Titan_Gray_RU.jpg'),
 (81,'Смартфон APPLE iPhone 14 128GB Blue (MPVN3HN/A)','6.1 " 1170x2532 пикселей, OLED , 60 Гц; Apple A15 Bionic , 6 ядр., 3.23 ГГц; ОЗУ 6 ГБ , 128 ГБ; Да; 12 Мп',2599,'images/Смартфон_APPLE_iPhone_14_128GB_Blue_MPVN3HN_A.jpg'),
 (82,'Смартфон APPLE iPhone 11 128GB Black (MHDНЗQL/A)','6.1 " 828x1792 пикселей, IPS , 60 Гц; Apple A13 Bionic , 6 ядр., 2.65 ГГц; ОЗУ 4 ГБ , 128 ГБ; Да; 12 Мп',1799,'images/Смартфон_APPLE_iPhone_11_128GB_Black_MHDНЗQL_A.jpg'),
 (83,'Смартфон POCO F6 Pro 12GB/512GB Black RU','6.67 " 1440x3200 пикселей, AMOLED , 120 Гц; Qualcomm Snapdragon 8 Gen2 , 8 ядр., 3.2 ГГц; ОЗУ 12 ГБ , 512 ГБ; 50 Мп',2199,'images/Смартфон_POCO_F6_Pro_12GB_512GB_Black_RU.jpg'),
 (84,'Смартфон Honor 200 Pro (ELP-NX9) 12GB/512GB Black','6.78 " 1224х2700 пикселей, AMOLED , 120 Гц; Qualcomm Snapdragon 8s Gen3 , 8 ядр., 3.0 ГГц; ОЗУ 12 ГБ , 512 ГБ; Да; 50 Мп',2399,'images/Смартфон_Honor_200_Pro_ELP-NX9_12GB_512GB_Black.jpg'),
 (85,'Смартфон HONOR X7c 8GB/256GB (лунный белый)','6.77 " 720x1610 пикселей, TFT , 120 Гц; Qualcomm Snapdragon 685 , 8 ядр., 2.8 ГГц; ОЗУ 8 ГБ , 256 ГБ; 108 Мп',799,'images/Смартфон_HONOR_X7c_8GB_256GB_лунный_белый.jpg'),
 (86,'Смартфон POCO M6 Pro 8GB/256GB Purple RU','6.67 " 1080x2400 пикселей, AMOLED , 120 Гц; MediaTek Helio G99 Ultra , 8 ядр., 2.2 ГГц; ОЗУ 8 ГБ , 256 ГБ; 64 Мп',749,'images/Смартфон_POCO_M6_Pro_8GB_256GB_Purple_RU.jpg'),
 (87,'Смартфон Huawei nova Y61 EVE-LX9N 4GB/128GB с NFC (полночный черный)','6.52 " 720x1600 пикселей, IPS , 60 Гц; HiSilicon Kirin 710A , 8 ядр., 2 ГГц; ОЗУ 4 ГБ , 128 ГБ; 50 Мп',299,'images/Смартфон_Huawei_nova_Y61_EVE-LX9N_4GB_128GB_с_NFC_.jpg'),
 (88,'Смартфон Huawei Pura 70 Pro 12GB/512GB (HBN-LX9) White','6.8 " 1260x2844 пикселей, OLED , 120 Гц; HiSilicon Kirin 9010 , 8 ядр., 2.3 ГГц; ОЗУ 12 ГБ , 512 ГБ; 50 Мп',2499,'images/Смартфон_Huawei_Pura_70_Pro_12GB_512GB_HBN-LX9_W.jpg'),
 (89,'Смартфон Samsung Galaxy A55 5G 8GB/128GB (голубой)','6.6 " 1080x2340 пикселей, AMOLED (Super AMOLED) , 120 Гц; Exynos 1480 , 8 ядр., 2.75 ГГц; ОЗУ 8 ГБ , 128 ГБ; 50 Мп',1369,'images/Смартфон_Samsung_Galaxy_A55_5G_8GB_128GB_голубой.jpg'),
 (90,'Смартфон Huawei nova 12s FOA-LX9 8GB/256GB (черный)','6.7 " 1084х2412 пикселей, OLED , 120 Гц; Qualcomm Snapdragon 778G , 8 ядр., 2.4 ГГц; ОЗУ 8 ГБ , 256 ГБ; 50 Мп',1099,'images/Смартфон_Huawei_nova_12s_FOA-LX9_8GB_256GB_черный.jpg'),
 (91,'Смартфон Xiaomi 14T Pro 12GB/512GB Titan Black RU','6.67 " 1220x2712 пикселей, OLED , 144 Гц; MediaTek Dimensity 9300+ , 8 ядр., 3.25 ГГц; ОЗУ 12 ГБ , 512 ГБ; Да; 50 Мп',2799,'images/Смартфон_Xiaomi_14T_Pro_12GB_512GB_Titan_Black_RU.jpg'),
 (92,'Смартфон HONOR 90 8GB/256GB (арктический лед)','6.7 " 1200x2664 пикселей, AMOLED , 120 Гц; Qualcomm Snapdragon 7 Gen1 Accelerated Edition , 8 ядр., 2.5 ГГц; ОЗУ 8 ГБ , 256 ГБ; Да; 200 Мп',1199,'images/Смартфон_HONOR_90_8GB_256GB_арктический_лед.jpg'),
 (93,'Смартфон HONOR X8b (LLY-LX1) 8GB/256GB Midnight Black','6.7 " 1080x2412 пикселей, AMOLED , 90 Гц; Qualcomm Snapdragon 680 , 8 ядр., 2.4 ГГц; ОЗУ 8 ГБ , 256 ГБ; 108 Мп',799,'images/Смартфон_HONOR_X8b_LLY-LX1_8GB_256GB_Midnight_Bl.jpg'),
 (94,'Смартфон Б/У (грейд A+) APPLE iPhone 12 mini 256GB Blue (2QMGED3)','5.4 " 1080x2340 пикселей, OLED , 60 Гц; Apple A14 Bionic , 6 ядр.; ОЗУ 4 ГБ , 256 ГБ; Да; 12 Мп',1742,'images/Смартфон_Б_У_грейд_A_APPLE_iPhone_12_mini_256GB.jpg'),
 (95,'Смартфон Honor 200 (ELI-NX9) 12GB/512GB Black','6.7 " 1200x2664 пикселей, AMOLED , 120 Гц; Qualcomm Snapdragon 7 Gen3 , 8 ядр., 2.63 ГГц; ОЗУ 12 ГБ , 512 ГБ; Да; 50 Мп',1699,'images/Смартфон_Honor_200_ELI-NX9_12GB_512GB_Black.jpg'),
 (96,'Смартфон Infinix Hot 30 Play NFC 8GB/128GB (фиолетовый)','6.82 " 720x1640 пикселей, IPS , 90 Гц; MediaTek Helio G37 , 8 ядр., 2.3 ГГц; ОЗУ 8 ГБ , 128 ГБ; 16 Мп',329,'images/Смартфон_Infinix_Hot_30_Play_NFC_8GB_128GB_фиолет.jpg'),
 (97,'Смартфон HONOR X8b (LLY-LX1) 8GB/128GB Titanium Silver','6.7 " 1080x2412 пикселей, AMOLED , 90 Гц; Qualcomm Snapdragon 680 , 8 ядр., 2.4 ГГц; ОЗУ 8 ГБ , 128 ГБ; 108 Мп',699,'images/Смартфон_HONOR_X8b_LLY-LX1_8GB_128GB_Titanium_Si.jpg'),
 (98,'Смартфон Honor X6b (JDY-LX1) 4GB/128GB Forest Green','6.56 " 720x1612 пикселей, TFT , 90 Гц; MediaTek Helio G85 , 8 ядр., 2.0 ГГц; ОЗУ 4 ГБ , 128 ГБ; 50 Мп',399,'images/Смартфон_Honor_X6b_JDY-LX1_4GB_128GB_Forest_Gree.jpg'),
 (99,'Смартфон Samsung Galaxy S24 Ultra SM-S928 256GB (черный титан)','6.8 " 1440х3120 пикселей, Dynamic AMOLED 2X , 120 Гц; Qualcomm Snapdragon 8 Gen3 , 8 ядр., 3.39 ГГц; ОЗУ 12 ГБ , 256 ГБ; Да; 200 Мп',4149,'images/Смартфон_Samsung_Galaxy_S24_Ultra_SM-S928_256GB_ч.jpg'),
 (100,'Смартфон Samsung Galaxy S24 SM-S921 256GB (серый)','6.2 " 1080x2340 пикселей, Dynamic AMOLED 2X , 120 Гц; Exynos 2400 , 10 ядр., 3.2 ГГц; ОЗУ 8 ГБ , 256 ГБ; Да; 50 Мп',2999,'images/Смартфон_Samsung_Galaxy_S24_SM-S921_256GB_серый.jpg'),
 (101,'Смартфон Infinix Note 30i 8GB/128GB (зеленый)','6.66 " 1080x2400 пикселей, AMOLED , 60 Гц; MediaTek Helio G85 , 8 ядр., 2.0 ГГц; ОЗУ 8 ГБ , 128 ГБ; 64 Мп',399,'images/Смартфон_Infinix_Note_30i_8GB_128GB_зеленый.jpg'),
 (102,'Смартфон Xiaomi 14T 12GB/512GB Titan Gray RU','6.67 " 1220x2712 пикселей, OLED , 144 Гц; MediaTek Dimensity 8300 Ultra , 8 ядр., 3.35 ГГц; ОЗУ 12 ГБ , 512 ГБ; Да; 50 Мп',2399,'images/Смартфон_Xiaomi_14T_12GB_512GB_Titan_Gray_RU.jpg'),
 (103,'Смартфон Apple iPhone 16 128GB White (MYE93HN/A)','6.1 " 1179х2556 пикселей, OLED , 60 Гц; Apple A18 , 6 ядр., 4.04 ГГц; ОЗУ 8 ГБ , 128 ГБ; Да; 48 Мп',3899,'images/Смартфон_Apple_iPhone_16_128GB_White_MYE93HN_A.jpg'),
 (104,'Смартфон Redmi A3 3GB/64GB Forest Green EU','6.71 " 720x1650 пикселей, IPS , 90 Гц; MediaTek Helio G36 , 8 ядр., 2.2 ГГц; ОЗУ 3 ГБ , 64 ГБ; 8 Мп',249,'images/Смартфон_Redmi_A3_3GB_64GB_Forest_Green_EU.jpg'),
 (105,'Смартфон Samsung Galaxy S24+ SM-S926 512GB (черный)','6.7 " 1440х3120 пикселей, Dynamic AMOLED 2X , 120 Гц; Exynos 2400 , 10 ядр., 3.2 ГГц; ОЗУ 12 ГБ , 512 ГБ; Да; 50 Мп',3799,'images/Смартфон_Samsung_Galaxy_S24_SM-S926_512GB_черный.jpg'),
 (106,'Смартфон Xiaomi Redmi A3 4GB/128GB (черный)','6.71 " 720x1650 пикселей, IPS , 90 Гц; MediaTek Helio G36 , 8 ядр., 2.2 ГГц; ОЗУ 4 ГБ , 128 ГБ; 8 Мп',299,'images/Смартфон_Xiaomi_Redmi_A3_4GB_128GB_черный.jpg'),
 (107,'Смартфон HONOR X7c 8GB/256GB (полуночный черный)','6.77 " 720x1610 пикселей, TFT , 120 Гц; Qualcomm Snapdragon 685 , 8 ядр., 2.8 ГГц; ОЗУ 8 ГБ , 256 ГБ; 108 Мп',799,'images/Смартфон_HONOR_X7c_8GB_256GB_полуночный_черный.jpg'),
 (108,'Смартфон Samsung Galaxy S24+ SM-S926 256GB (фиолетовый)','6.7 " 1440х3120 пикселей, Dynamic AMOLED 2X , 120 Гц; Exynos 2400 , 10 ядр., 3.2 ГГц; ОЗУ 12 ГБ , 256 ГБ; Да; 50 Мп',3299,'images/Смартфон_Samsung_Galaxy_S24_SM-S926_256GB_фиолет.jpg'),
 (109,'Смартфон Huawei nova Y72 8GB/128GB (MGA-LX3) черный','6.75 " 720x1600 пикселей, TFT , 60 Гц; HiSilicon Kirin 710A , 8 ядр., 2.0 ГГц; ОЗУ 8 ГБ , 128 ГБ; 50 Мп',399,'images/Смартфон_Huawei_nova_Y72_8GB_128GB_MGA-LX3_черны.jpg'),
 (110,'Смартфон Samsung Galaxy S24 FE 128GB (SM-S721BLBBCAU) голубой','6.7 " 1080x2340 пикселей, Dynamic AMOLED 2X , 120 Гц; Exynos 2400e , 10 ядр., 3.1 ГГц; ОЗУ 8 ГБ , 128 ГБ; Да; 50 Мп',2349,'images/Смартфон_Samsung_Galaxy_S24_FE_128GB_SM-S721BLBBC.jpg'),
 (111,'Смартфон Apple iPhone 16 256GB Teal (MYEJ3HN/A)','6.1 " 1179х2556 пикселей, OLED , 60 Гц; Apple A18 , 6 ядр., 4.04 ГГц; ОЗУ 8 ГБ , 256 ГБ; Да; 48 Мп',4399,'images/Смартфон_Apple_iPhone_16_256GB_Teal_MYEJ3HN_A.jpg'),
 (112,'Смартфон Samsung Galaxy A35 5G 8GB/256GB (голубой)','6.6 " 1080x2340 пикселей, AMOLED (Super AMOLED) , 120 Гц; Exynos 1380 , 8 ядр., 2.4 ГГц; ОЗУ 8 ГБ , 256 ГБ; 50 Мп',1199,'images/Смартфон_Samsung_Galaxy_A35_5G_8GB_256GB_голубой.jpg'),
 (113,'Смартфон Infinix Hot 40 8GB/128GB (золотистый)','6.78 " 1080x2460 пикселей, IPS , 90 Гц; MediaTek Helio G88 , 8 ядр., 2.0 ГГц; ОЗУ 8 ГБ , 128 ГБ; 50 Мп',398,'images/Смартфон_Infinix_Hot_40_8GB_128GB_золотистый.jpg'),
 (114,'Смартфон Apple iPhone 16 Pro 128GB Desert Titanium (MYNF3QN/A)','6.3 " 1206x2622 пикселей, OLED , 120 Гц; Apple A18 Pro , 6 ядр., 4.04 ГГц; ОЗУ 8 ГБ , 128 ГБ; Да; 48 Мп',5499,'images/Смартфон_Apple_iPhone_16_Pro_128GB_Desert_Titanium.jpg'),
 (115,'Смартфон Infinix Note 40 Pro 12Gb/256GB Vintage Green','6.78 " 1080x2436 пикселей, AMOLED , 120 Гц; MediaTek Helio G99 Ultimate , 8 ядр., 2.2 ГГц; ОЗУ 12 ГБ , 256 ГБ; 108 Мп',999,'images/Смартфон_Infinix_Note_40_Pro_12Gb_256GB_Vintage_Gr.jpg'),
 (116,'Смартфон Infinix Note 40 Pro 8Gb/256GB Vintage Green','6.78 " 1080x2436 пикселей, AMOLED , 120 Гц; MediaTek Helio G99 Ultimate , 8 ядр., 2.2 ГГц; ОЗУ 8 ГБ , 256 ГБ; 108 Мп',999,'images/Смартфон_Infinix_Note_40_Pro_8Gb_256GB_Vintage_Gre.jpg'),
 (117,'Смартфон Samsung Galaxy S24 FE 128GB (SM-S721BZABCAU) серый','6.7 " 1080x2340 пикселей, Dynamic AMOLED 2X , 120 Гц; Exynos 2400e , 10 ядр., 3.1 ГГц; ОЗУ 8 ГБ , 128 ГБ; Да; 50 Мп',2349,'images/Смартфон_Samsung_Galaxy_S24_FE_128GB_SM-S721BZABC.jpg'),
 (118,'Смартфон TECNO Camon 20 Pro (CK7n) 8GB/256GB Predawn Black','6.67 " 1080x2400 пикселей, AMOLED , 120 Гц; MediaTek Helio G99 , 8 ядр., 2.2 ГГц; ОЗУ 8 ГБ , 256 ГБ; 64 Мп',629,'images/Смартфон_TECNO_Camon_20_Pro_CK7n_8GB_256GB_Preda.jpg'),
 (119,'Смартфон Realme C67 (RMX3890) 8GB/256GB Black Rock','6.72 " 1080x2400 пикселей, IPS , 90 Гц; Qualcomm Snapdragon 685 , 8 ядр., 2.8 ГГц; ОЗУ 8 ГБ , 256 ГБ; 108 Мп',599,'images/Смартфон_Realme_C67_RMX3890_8GB_256GB_Black_Rock.jpg'),
 (120,'Смартфон Samsung Galaxy A55 5G 8GB/256GB (желтый)','6.6 " 1080x2340 пикселей, AMOLED (Super AMOLED) , 120 Гц; Exynos 1480 , 8 ядр., 2.75 ГГц; ОЗУ 8 ГБ , 256 ГБ; 50 Мп',1549,'images/Смартфон_Samsung_Galaxy_A55_5G_8GB_256GB_желтый.jpg'),
 (121,'Смартфон Xiaomi 14T Pro 12GB/1024GB Titan Black RU','6.67 " 1220x2712 пикселей, OLED , 144 Гц; MediaTek Dimensity 9300+ , 8 ядр., 3.25 ГГц; ОЗУ 12 ГБ , 1 ТБ; Да; 50 Мп',3099,'images/Смартфон_Xiaomi_14T_Pro_12GB_1024GB_Titan_Black_RU.jpg'),
 (122,'Смартфон Huawei nova 12 SE BNE-LX1 8GB/256GB (черный)','6.67 " 1080x2400 пикселей, OLED , 90 Гц; Qualcomm Snapdragon 680 , 8 ядр., 2.4 ГГц; ОЗУ 8 ГБ , 256 ГБ; 108 Мп',799,'images/Смартфон_Huawei_nova_12_SE_BNE-LX1_8GB_256GB_черн.jpg'),
 (123,'Смартфон Realme 12 Pro+ 5G RMX3840 8GB/256GB (синий)','6.7 " 1080x2412 пикселей, AMOLED , 120 Гц; Qualcomm Snapdragon 7s Gen2 , 8 ядр., 2.4 ГГц; ОЗУ 8 ГБ , 256 ГБ; 50 Мп',1499,'images/Смартфон_Realme_12_Pro_5G_RMX3840_8GB_256GB_сини.jpg'),
 (124,'Смартфон Honor 200 (ELI-NX9) 8GB/256GB Emerald Green','6.7 " 1200x2664 пикселей, AMOLED , 120 Гц; Qualcomm Snapdragon 7 Gen3 , 8 ядр., 2.63 ГГц; ОЗУ 8 ГБ , 256 ГБ; Да; 50 Мп',1499,'images/Смартфон_Honor_200_ELI-NX9_8GB_256GB_Emerald_Gre.jpg'),
 (125,'Смартфон HONOR X8b (LLY-LX1) 8GB/256GB Titanium Silver','6.7 " 1080x2412 пикселей, AMOLED , 90 Гц; Qualcomm Snapdragon 680 , 8 ядр., 2.4 ГГц; ОЗУ 8 ГБ , 256 ГБ; 108 Мп',799,'images/Смартфон_HONOR_X8b_LLY-LX1_8GB_256GB_Titanium_Si.jpg'),
 (126,'Смартфон Huawei nova Y61 EVE-LX9N 4GB/128GB с NFC (сапфировый синий)','6.52 " 720x1600 пикселей, IPS , 60 Гц; HiSilicon Kirin 710A , 8 ядр., 2 ГГц; ОЗУ 4 ГБ , 128 ГБ; 50 Мп',299,'images/Смартфон_Huawei_nova_Y61_EVE-LX9N_4GB_128GB_с_NFC__RSCEYj0.jpg'),
 (127,'Смартфон Apple iPhone 16 Plus 256GB Black (MXWN3HN/A)','6.7 " 1290х2796 пикселей, OLED , 60 Гц; Apple A18 , 6 ядр., 4.04 ГГц; ОЗУ 8 ГБ , 256 ГБ; Да; 48 Мп',4899,'images/Смартфон_Apple_iPhone_16_Plus_256GB_Black_MXWN3HN.jpg'),
 (128,'Смартфон Apple iPhone 16 Pro Max 256GB Black Titanium (MYWV3KH/A)','6.9 " 1320x2868 пикселей, OLED , 120 Гц; Apple A18 Pro , 6 ядр., 4.04 ГГц; ОЗУ 8 ГБ , 256 ГБ; Да; 48 Мп',7199,'images/Смартфон_Apple_iPhone_16_Pro_Max_256GB_Black_Titan.jpg'),
 (129,'Смартфон ASUS ROG Phone 8 12GB/256GB (черный)','6.78 " 1080x2400 пикселей, AMOLED , 165 Гц; Qualcomm Snapdragon 8 Gen3 , 8 ядр., 3.3 ГГц; ОЗУ 12 ГБ , 256 ГБ; 50 Мп',3525,'images/Смартфон_ASUS_ROG_Phone_8_12GB_256GB_черный.jpg'),
 (130,'Смартфон Samsung Galaxy S24 FE 256GB (SM-S721BLBCCAU) голубой','6.7 " 1080x2340 пикселей, Dynamic AMOLED 2X , 120 Гц; Exynos 2400e , 10 ядр., 3.1 ГГц; ОЗУ 8 ГБ , 256 ГБ; Да; 50 Мп',2499,'images/Смартфон_Samsung_Galaxy_S24_FE_256GB_SM-S721BLBCC.jpg'),
 (131,'Смартфон Infinix Note 30 Pro 8GB/256GB (черный)','6.67 " 1080x2400 пикселей, AMOLED , 120 Гц; MediaTek Helio G99 , 8 ядр., 2.2 ГГц; ОЗУ 8 ГБ , 256 ГБ; 108 Мп',759,'images/Смартфон_Infinix_Note_30_Pro_8GB_256GB_черный.jpg'),
 (132,'Смартфон POCO X6 5G 8GB/256GB Black EU','6.67 " 1220x2712 пикселей, AMOLED , 120 Гц; Qualcomm Snapdragon 7s Gen2 , 8 ядр., 2.4 ГГц; ОЗУ 8 ГБ , 256 ГБ; 64 Мп',1099,'images/Смартфон_POCO_X6_5G_8GB_256GB_Black_EU.jpg'),
 (133,'Смартфон Samsung Galaxy S24 Ultra SM-S928 512GB (желтый титан)','6.8 " 1440х3120 пикселей, Dynamic AMOLED 2X , 120 Гц; Qualcomm Snapdragon 8 Gen3 , 8 ядр., 3.39 ГГц; ОЗУ 12 ГБ , 512 ГБ; Да; 200 Мп',4599,'images/Смартфон_Samsung_Galaxy_S24_Ultra_SM-S928_512GB_ж.jpg'),
 (134,'Смартфон Realme C67 (RMX3890) 6GB/128GB Sunny Oasis','6.72 " 1080x2400 пикселей, IPS , 90 Гц; Qualcomm Snapdragon 685 , 8 ядр., 2.8 ГГц; ОЗУ 6 ГБ , 128 ГБ; 108 Мп',499,'images/Смартфон_Realme_C67_RMX3890_6GB_128GB_Sunny_Oasi.jpg'),
 (135,'Смартфон Apple iPhone 16 128GB Teal (MYED3HN/A)','6.1 " 1179х2556 пикселей, OLED , 60 Гц; Apple A18 , 6 ядр., 4.04 ГГц; ОЗУ 8 ГБ , 128 ГБ; Да; 48 Мп',3899,'images/Смартфон_Apple_iPhone_16_128GB_Teal_MYED3HN_A.jpg'),
 (136,'Смартфон Honor X7b 8GB/128GB Midnight Black','6.8 " 1080x2412 пикселей, IPS , 90 Гц; Qualcomm Snapdragon 680 , 8 ядр., 2.4 ГГц; ОЗУ 8 ГБ , 128 ГБ; 108 Мп',549,'images/Смартфон_Honor_X7b_8GB_128GB_Midnight_Black.jpg'),
 (137,'Смартфон Apple iPhone 16 Pro 256GB Desert Titanium (MYNK3QN/A)','6.3 " 1206x2622 пикселей, OLED , 120 Гц; Apple A18 Pro , 6 ядр., 4.04 ГГц; ОЗУ 8 ГБ , 256 ГБ; Да; 48 Мп',5999,'images/Смартфон_Apple_iPhone_16_Pro_256GB_Desert_Titanium.jpg'),
 (138,'Смартфон Infinix GT 20 Pro 12GB/256GB (кибер оранжевый)','6.78 " 1080x2436 пикселей, AMOLED , 144 Гц; MediaTek Dimensity 8200 Ultimate , 8 ядр., 3.1 ГГц; ОЗУ 12 ГБ , 256 ГБ; 108 Мп',1254,'images/Смартфон_Infinix_GT_20_Pro_12GB_256GB_кибер_оранж.jpg'),
 (139,'Смартфон Huawei nova 12s FOA-LX9 8GB/256GB (белый)','6.7 " 1084х2412 пикселей, OLED , 120 Гц; Qualcomm Snapdragon 778G , 8 ядр., 2.4 ГГц; ОЗУ 8 ГБ , 256 ГБ; 50 Мп',1099,'images/Смартфон_Huawei_nova_12s_FOA-LX9_8GB_256GB_белый.jpg'),
 (140,'Смартфон Huawei Pura 70 Ultra 16GB/512GB (HBP-LX9) Brown','6.8 " 1260x2844 пикселей, OLED , 120 Гц; HiSilicon Kirin 9010 , 8 ядр., 2.3 ГГц; ОЗУ 16 ГБ , 512 ГБ; 50 Мп',3999,'images/Смартфон_Huawei_Pura_70_Ultra_16GB_512GB_HBP-LX9.jpg'),
 (141,'Смартфон POCO F6 12GB/512GB Green RU','6.67 " 1220x2712 пикселей, AMOLED , 120 Гц; Qualcomm Snapdragon 8s Gen3 , 8 ядр., 3 ГГц; ОЗУ 12 ГБ , 512 ГБ; 50 Мп',1699,'images/Смартфон_POCO_F6_12GB_512GB_Green_RU.jpg'),
 (142,'Смартфон Xiaomi Redmi Note 13 8GB/512GB Mint Green EU','6.67 " 1080x2400 пикселей, AMOLED , 120 Гц; Qualcomm Snapdragon 685 , 8 ядр., 2.8 ГГц; ОЗУ 8 ГБ , 512 ГБ; 108 Мп',899,'images/Смартфон_Xiaomi_Redmi_Note_13_8GB_512GB_Mint_Green.jpg'),
 (143,'Смартфон Huawei nova 12i 8GB/128Gb (CTR-L81) Green','6.7 " 1080x2388 пикселей, IPS , 90 Гц; Qualcomm Snapdragon 680 , 8 ядр., 2.4 ГГц; ОЗУ 8 ГБ , 128 ГБ; 108 Мп',549,'images/Смартфон_Huawei_nova_12i_8GB_128Gb_CTR-L81_Green.jpg'),
 (144,'Смартфон Honor X6b (JDY-LX1) 6GB/256GB Forest Green','6.56 " 720x1612 пикселей, TFT , 90 Гц; MediaTek Helio G85 , 8 ядр., 2.0 ГГц; ОЗУ 6 ГБ , 256 ГБ; 50 Мп',499,'images/Смартфон_Honor_X6b_JDY-LX1_6GB_256GB_Forest_Gree.jpg'),
 (145,'Смартфон Infinix Note 30i 8GB/128GB (золотой хамелеон)','6.66 " 1080x2400 пикселей, AMOLED , 60 Гц; MediaTek Helio G85 , 8 ядр., 2.0 ГГц; ОЗУ 8 ГБ , 128 ГБ; 64 Мп',399,'images/Смартфон_Infinix_Note_30i_8GB_128GB_золотой_хамел.jpg'),
 (146,'Смартфон Xiaomi Redmi 13 6GB/128GB Midnight Black RU','6.79 " 1080x2400 пикселей, IPS , 90 Гц; MediaTek Helio G91 Ultra , 8 ядр., 2 ГГц; ОЗУ 6 ГБ , 128 ГБ; 108 Мп',549,'images/Смартфон_Xiaomi_Redmi_13_6GB_128GB_Midnight_Black_.jpg'),
 (147,'Смартфон Honor X6a (WDY-LX1) 6GB/128GB Midnight Black','6.56 " 720x1612 пикселей, TFT , 90 Гц; MediaTek Helio G36 , 8 ядр., 2.2 ГГц; ОЗУ 6 ГБ , 128 ГБ; 50 Мп',399,'images/Смартфон_Honor_X6a_WDY-LX1_6GB_128GB_Midnight_Bl.jpg'),
 (148,'Смартфон Realme 12 Pro+ 5G RMX3840 12GB/512GB (синий)','6.7 " 1080x2412 пикселей, AMOLED , 120 Гц; Qualcomm Snapdragon 7s Gen2 , 8 ядр., 2.4 ГГц; ОЗУ 12 ГБ , 512 ГБ; 50 Мп',1699,'images/Смартфон_Realme_12_Pro_5G_RMX3840_12GB_512GB_син.jpg'),
 (149,'Смартфон Samsung Galaxy Z Fold6 512GB (SM-F956) розовый','7.6 " 1856x2160 пикселей, Dynamic AMOLED 2X , 120 Гц; Qualcomm Snapdragon 8 Gen3 , 8 ядр., 3.39 ГГц; ОЗУ 12 ГБ , 512 ГБ; Да; 50 Мп',7199,'images/Смартфон_Samsung_Galaxy_Z_Fold6_512GB_SM-F956_ро.jpg'),
 (150,'Смартфон Samsung Galaxy XCover7 SM-G556B 6GB/128GB (черный)','6.6 " 1080x2408 пикселей, PLS , 60 Гц; Mediatek Dimensity 6100+ , 8 ядр., 2.2 ГГц; ОЗУ 6 ГБ , 128 ГБ; Да; 50 Мп',1276,'images/Смартфон_Samsung_Galaxy_XCover7_SM-G556B_6GB_128GB.jpg'),
 (151,'Смартфон Honor X6a (WDY-LX1) 6GB/128GB Sky Silver','6.56 " 720x1612 пикселей, TFT , 90 Гц; MediaTek Helio G36 , 8 ядр., 2.2 ГГц; ОЗУ 6 ГБ , 128 ГБ; 50 Мп',399,'images/Смартфон_Honor_X6a_WDY-LX1_6GB_128GB_Sky_Silver.jpg'),
 (152,'Смартфон NOTHING Phone (2) 12/256GB A065 (A10400033) белый','6.7 " 1080x2412 пикселей, AMOLED , 120 Гц; Qualcomm Snapdragon 8+ Gen1 , 8 ядр., 3.2 ГГц; ОЗУ 12 ГБ , 256 ГБ; 50 Мп',2870,'images/Смартфон_NOTHING_Phone_2_12_256GB_A065_A1040003.jpg'),
 (153,'Смартфон Huawei nova 12 SE BNE-LX1 8GB/256GB (белый)','6.67 " 1080x2400 пикселей, OLED , 90 Гц; Qualcomm Snapdragon 680 , 8 ядр., 2.4 ГГц; ОЗУ 8 ГБ , 256 ГБ; 108 Мп',799,'images/Смартфон_Huawei_nova_12_SE_BNE-LX1_8GB_256GB_белы.jpg'),
 (154,'Смартфон Samsung Galaxy Z Flip6 256GB (SM-F741) желтый','6.7 " 1080x2640 пикселей, Dynamic AMOLED 2X , 120 Гц; Qualcomm Snapdragon 8 Gen3 , 8 ядр., 3.39 ГГц; ОЗУ 12 ГБ , 256 ГБ; Да; 50 Мп',4299,'images/Смартфон_Samsung_Galaxy_Z_Flip6_256GB_SM-F741_же.jpg');
INSERT INTO "product" ("id","name","slug","description","image","price","discount","quantity","category_id") VALUES (1,'Планшет Teclast P30T 4GB/128GB (серый)','planshet-teclast-p30t-4gb128gb-seryj','some description','',1,0,5,4);
COMMIT;
